<?xml version="1.0" encoding="UTF-8"?>
<metadata xml:lang="de"><Esri><CreaDate>20210329</CreaDate><CreaTime>11433600</CreaTime><ArcGISFormat>1.0</ArcGISFormat><SyncOnce>FALSE</SyncOnce><DataProperties><itemProps><itemName Sync="TRUE">AllCities</itemName><imsContentType Sync="TRUE">002</imsContentType><itemSize Sync="TRUE">0.000</itemSize><itemLocation><linkage Sync="TRUE">file://\\DESKTOP-FBPL04T\C$\Users\Bara\Desktop\GIS_Dekapolis\Dekapolis.gdb</linkage><protocol Sync="TRUE">Local Area Network</protocol></itemLocation></itemProps><coordRef><type Sync="TRUE">Projected</type><geogcsn Sync="TRUE">GCS_WGS_1984</geogcsn><csUnits Sync="TRUE">Linear Unit: Meter (1.000000)</csUnits><peXml Sync="TRUE">&lt;ProjectedCoordinateSystem xsi:type='typens:ProjectedCoordinateSystem' xmlns:xsi='http://www.w3.org/2001/XMLSchema-instance' xmlns:xs='http://www.w3.org/2001/XMLSchema' xmlns:typens='http://www.esri.com/schemas/ArcGIS/10.8'&gt;&lt;WKT&gt;PROJCS[&amp;quot;WGS_1984_UTM_Zone_37N&amp;quot;,GEOGCS[&amp;quot;GCS_WGS_1984&amp;quot;,DATUM[&amp;quot;D_WGS_1984&amp;quot;,SPHEROID[&amp;quot;WGS_1984&amp;quot;,6378137.0,298.257223563]],PRIMEM[&amp;quot;Greenwich&amp;quot;,0.0],UNIT[&amp;quot;Degree&amp;quot;,0.0174532925199433]],PROJECTION[&amp;quot;Transverse_Mercator&amp;quot;],PARAMETER[&amp;quot;False_Easting&amp;quot;,500000.0],PARAMETER[&amp;quot;False_Northing&amp;quot;,0.0],PARAMETER[&amp;quot;Central_Meridian&amp;quot;,39.0],PARAMETER[&amp;quot;Scale_Factor&amp;quot;,0.9996],PARAMETER[&amp;quot;Latitude_Of_Origin&amp;quot;,0.0],UNIT[&amp;quot;Meter&amp;quot;,1.0],AUTHORITY[&amp;quot;EPSG&amp;quot;,32637]]&lt;/WKT&gt;&lt;XOrigin&gt;-5120900&lt;/XOrigin&gt;&lt;YOrigin&gt;-9998100&lt;/YOrigin&gt;&lt;XYScale&gt;10000&lt;/XYScale&gt;&lt;ZOrigin&gt;-100000&lt;/ZOrigin&gt;&lt;ZScale&gt;10000&lt;/ZScale&gt;&lt;MOrigin&gt;-100000&lt;/MOrigin&gt;&lt;MScale&gt;10000&lt;/MScale&gt;&lt;XYTolerance&gt;0.001&lt;/XYTolerance&gt;&lt;ZTolerance&gt;0.001&lt;/ZTolerance&gt;&lt;MTolerance&gt;0.001&lt;/MTolerance&gt;&lt;HighPrecision&gt;true&lt;/HighPrecision&gt;&lt;WKID&gt;32637&lt;/WKID&gt;&lt;LatestWKID&gt;32637&lt;/LatestWKID&gt;&lt;/ProjectedCoordinateSystem&gt;</peXml><projcsn Sync="TRUE">WGS_1984_UTM_Zone_37N</projcsn></coordRef><lineage><Process ToolSource="c:\program files (x86)\arcgis\desktop10.7\ArcToolbox\Toolboxes\Data Management Tools.tbx\Merge" Date="20210215" Time="134200">Merge otherCities;Dekapolis C:\Users\Bara\Desktop\GIS_Dekapolis\allcities.shp "Name "Name" true true false 254 Text 0 0 ,First,#,otherCities,Name,-1,-1,Dekapolis,Name,-1,-1;descriptio "descriptio" true true false 254 Text 0 0 ,First,#,otherCities,descriptio,-1,-1,Dekapolis,descriptio,-1,-1;timestamp "timestamp" true true false 24 Text 0 0 ,First,#,otherCities,timestamp,-1,-1,Dekapolis,timestamp,-1,-1;begin "begin" true true false 24 Text 0 0 ,First,#,otherCities,begin,-1,-1,Dekapolis,begin,-1,-1;end "end" true true false 24 Text 0 0 ,First,#,otherCities,end,-1,-1,Dekapolis,end,-1,-1;altitudeMo "altitudeMo" true true false 254 Text 0 0 ,First,#,otherCities,altitudeMo,-1,-1,Dekapolis,altitudeMo,-1,-1;tessellate "tessellate" true true false 10 Long 0 10 ,First,#,otherCities,tessellate,-1,-1,Dekapolis,tessellate,-1,-1;extrude "extrude" true true false 10 Long 0 10 ,First,#,otherCities,extrude,-1,-1,Dekapolis,extrude,-1,-1;visibility "visibility" true true false 10 Long 0 10 ,First,#,otherCities,visibility,-1,-1,Dekapolis,visibility,-1,-1;drawOrder "drawOrder" true true false 10 Long 0 10 ,First,#,otherCities,drawOrder,-1,-1,Dekapolis,drawOrder,-1,-1;icon "icon" true true false 254 Text 0 0 ,First,#,otherCities,icon,-1,-1,Dekapolis,icon,-1,-1"</Process><Process ToolSource="c:\program files (x86)\arcgis\desktop10.8\ArcToolbox\Toolboxes\Conversion Tools.tbx\FeatureClassToFeatureClass" Date="20210328" Time="153358">FeatureClassToFeatureClass C:\Users\Bara\Desktop\GIS_Dekapolis\allcities.shp C:\Users\Bara\Desktop\GIS_Dekapolis\Dekapolis.gdb\Cities AllCities # "Name "Name" true true false 254 Text 0 0 ,First,#,C:\Users\Bara\Desktop\GIS_Dekapolis\allcities.shp,Name,-1,-1;descriptio "descriptio" true true false 254 Text 0 0 ,First,#,C:\Users\Bara\Desktop\GIS_Dekapolis\allcities.shp,descriptio,-1,-1;timestamp "timestamp" true true false 24 Text 0 0 ,First,#,C:\Users\Bara\Desktop\GIS_Dekapolis\allcities.shp,timestamp,-1,-1;begin "begin" true true false 24 Text 0 0 ,First,#,C:\Users\Bara\Desktop\GIS_Dekapolis\allcities.shp,begin,-1,-1;end "end" true true false 24 Text 0 0 ,First,#,C:\Users\Bara\Desktop\GIS_Dekapolis\allcities.shp,end,-1,-1;altitudeMo "altitudeMo" true true false 254 Text 0 0 ,First,#,C:\Users\Bara\Desktop\GIS_Dekapolis\allcities.shp,altitudeMo,-1,-1;tessellate "tessellate" true true false 10 Long 0 10 ,First,#,C:\Users\Bara\Desktop\GIS_Dekapolis\allcities.shp,tessellate,-1,-1;extrude "extrude" true true false 10 Long 0 10 ,First,#,C:\Users\Bara\Desktop\GIS_Dekapolis\allcities.shp,extrude,-1,-1;visibility "visibility" true true false 10 Long 0 10 ,First,#,C:\Users\Bara\Desktop\GIS_Dekapolis\allcities.shp,visibility,-1,-1;drawOrder "drawOrder" true true false 10 Long 0 10 ,First,#,C:\Users\Bara\Desktop\GIS_Dekapolis\allcities.shp,drawOrder,-1,-1;icon "icon" true true false 254 Text 0 0 ,First,#,C:\Users\Bara\Desktop\GIS_Dekapolis\allcities.shp,icon,-1,-1" #</Process></lineage></DataProperties><SyncDate>20210328</SyncDate><SyncTime>15335700</SyncTime><ModDate>20210328</ModDate><ModTime>15335700</ModTime></Esri><dataIdInfo><envirDesc Sync="TRUE"> Version 6.2 (Build 9200) ; Esri ArcGIS 10.8.1.14362</envirDesc><dataLang><languageCode value="eng" Sync="TRUE"></languageCode><countryCode value="GBR" Sync="TRUE"></countryCode></dataLang><idCitation><resTitle Sync="TRUE">AllCities</resTitle><presForm><PresFormCd value="005" Sync="TRUE"></PresFormCd></presForm></idCitation><spatRpType><SpatRepTypCd value="001" Sync="TRUE"></SpatRepTypCd></spatRpType></dataIdInfo><mdLang><languageCode value="eng" Sync="TRUE"></languageCode><countryCode value="GBR" Sync="TRUE"></countryCode></mdLang><mdChar><CharSetCd value="004" Sync="TRUE"></CharSetCd></mdChar><distInfo><distFormat><formatName Sync="TRUE">File Geodatabase Feature Class</formatName></distFormat><distTranOps><transSize Sync="TRUE">0.000</transSize></distTranOps></distInfo><mdHrLv><ScopeCd value="005" Sync="TRUE"></ScopeCd></mdHrLv><mdHrLvName Sync="TRUE">dataset</mdHrLvName><refSysInfo><RefSystem><refSysID><identCode code="32637" Sync="TRUE"></identCode><idCodeSpace Sync="TRUE">EPSG</idCodeSpace><idVersion Sync="TRUE">2.1(3.0.1)</idVersion></refSysID></RefSystem></refSysInfo><spatRepInfo><VectSpatRep><geometObjs Name="AllCities"><geoObjTyp><GeoObjTypCd value="004" Sync="TRUE"></GeoObjTypCd></geoObjTyp><geoObjCnt Sync="TRUE">0</geoObjCnt></geometObjs><topLvl><TopoLevCd value="001" Sync="TRUE"></TopoLevCd></topLvl></VectSpatRep></spatRepInfo><spdoinfo><ptvctinf><esriterm Name="AllCities"><efeatyp Sync="TRUE">Simple</efeatyp><efeageom code="1" Sync="TRUE"></efeageom><esritopo Sync="TRUE">FALSE</esritopo><efeacnt Sync="TRUE">0</efeacnt><spindex Sync="TRUE">TRUE</spindex><linrefer Sync="TRUE">TRUE</linrefer></esriterm></ptvctinf></spdoinfo><eainfo><detailed Name="AllCities"><enttyp><enttypl Sync="TRUE">AllCities</enttypl><enttypt Sync="TRUE">Feature Class</enttypt><enttypc Sync="TRUE">0</enttypc></enttyp><attr><attrlabl Sync="TRUE">OBJECTID</attrlabl><attalias Sync="TRUE">OBJECTID</attalias><attrtype Sync="TRUE">OID</attrtype><attwidth Sync="TRUE">4</attwidth><atprecis Sync="TRUE">0</atprecis><attscale Sync="TRUE">0</attscale><attrdef Sync="TRUE">Internal feature number.</attrdef><attrdefs Sync="TRUE">Esri</attrdefs><attrdomv><udom Sync="TRUE">Sequential unique whole numbers that are automatically generated.</udom></attrdomv></attr><attr><attrlabl Sync="TRUE">Shape</attrlabl><attalias Sync="TRUE">Shape</attalias><attrtype Sync="TRUE">Geometry</attrtype><attwidth Sync="TRUE">0</attwidth><atprecis Sync="TRUE">0</atprecis><attscale Sync="TRUE">0</attscale><attrdef Sync="TRUE">Feature geometry.</attrdef><attrdefs Sync="TRUE">Esri</attrdefs><attrdomv><udom Sync="TRUE">Coordinates defining the features.</udom></attrdomv></attr><attr><attrlabl Sync="TRUE">Name</attrlabl><attalias Sync="TRUE">Name</attalias><attrtype Sync="TRUE">String</attrtype><attwidth Sync="TRUE">254</attwidth><atprecis Sync="TRUE">0</atprecis><attscale Sync="TRUE">0</attscale></attr><attr><attrlabl Sync="TRUE">descriptio</attrlabl><attalias Sync="TRUE">descriptio</attalias><attrtype Sync="TRUE">String</attrtype><attwidth Sync="TRUE">254</attwidth><atprecis Sync="TRUE">0</atprecis><attscale Sync="TRUE">0</attscale></attr><attr><attrlabl Sync="TRUE">timestamp</attrlabl><attalias Sync="TRUE">timestamp</attalias><attrtype Sync="TRUE">String</attrtype><attwidth Sync="TRUE">24</attwidth><atprecis Sync="TRUE">0</atprecis><attscale Sync="TRUE">0</attscale></attr><attr><attrlabl Sync="TRUE">begin</attrlabl><attalias Sync="TRUE">begin</attalias><attrtype Sync="TRUE">String</attrtype><attwidth Sync="TRUE">24</attwidth><atprecis Sync="TRUE">0</atprecis><attscale Sync="TRUE">0</attscale></attr><attr><attrlabl Sync="TRUE">end</attrlabl><attalias Sync="TRUE">end</attalias><attrtype Sync="TRUE">String</attrtype><attwidth Sync="TRUE">24</attwidth><atprecis Sync="TRUE">0</atprecis><attscale Sync="TRUE">0</attscale></attr><attr><attrlabl Sync="TRUE">altitudeMo</attrlabl><attalias Sync="TRUE">altitudeMo</attalias><attrtype Sync="TRUE">String</attrtype><attwidth Sync="TRUE">254</attwidth><atprecis Sync="TRUE">0</atprecis><attscale Sync="TRUE">0</attscale></attr><attr><attrlabl Sync="TRUE">tessellate</attrlabl><attalias Sync="TRUE">tessellate</attalias><attrtype Sync="TRUE">Integer</attrtype><attwidth Sync="TRUE">4</attwidth><atprecis Sync="TRUE">0</atprecis><attscale Sync="TRUE">0</attscale></attr><attr><attrlabl Sync="TRUE">extrude</attrlabl><attalias Sync="TRUE">extrude</attalias><attrtype Sync="TRUE">Integer</attrtype><attwidth Sync="TRUE">4</attwidth><atprecis Sync="TRUE">0</atprecis><attscale Sync="TRUE">0</attscale></attr><attr><attrlabl Sync="TRUE">visibility</attrlabl><attalias Sync="TRUE">visibility</attalias><attrtype Sync="TRUE">Integer</attrtype><attwidth Sync="TRUE">4</attwidth><atprecis Sync="TRUE">0</atprecis><attscale Sync="TRUE">0</attscale></attr><attr><attrlabl Sync="TRUE">drawOrder</attrlabl><attalias Sync="TRUE">drawOrder</attalias><attrtype Sync="TRUE">Integer</attrtype><attwidth Sync="TRUE">4</attwidth><atprecis Sync="TRUE">0</atprecis><attscale Sync="TRUE">0</attscale></attr><attr><attrlabl Sync="TRUE">icon</attrlabl><attalias Sync="TRUE">icon</attalias><attrtype Sync="TRUE">String</attrtype><attwidth Sync="TRUE">254</attwidth><atprecis Sync="TRUE">0</atprecis><attscale Sync="TRUE">0</attscale></attr></detailed></eainfo><mdDateSt Sync="TRUE">20210328</mdDateSt></metadata>
